split,feature,comparison,left_count,right_count,ks_statistic,ks_pvalue,absolute_median_iqr_effect
train,returns,BUY_vs_NO_TRADE,15579,41693,0.06227915295873082,1.104108807636208e-38,0.023206811420656753
train,returns,SELL_vs_NO_TRADE,14645,41693,0.056987117224877315,4.915127662602428e-31,0.023448141217100878
train,returns,BUY_vs_SELL,15579,14645,0.008627686012092128,0.6246003840186939,0.0
train,returns_2,BUY_vs_NO_TRADE,15579,41693,0.06998663923160434,9.531922463454771e-49,0.03515471070064113
train,returns_2,SELL_vs_NO_TRADE,14645,41693,0.059822415381311,3.700742082649044e-34,0.025563527532950065
train,returns_2,BUY_vs_SELL,15579,14645,0.011522014768460265,0.26679116650013,0.008034902729768404
train,returns_5,BUY_vs_NO_TRADE,15579,41693,0.06545025107775254,1.1090957339198295e-42,0.04283439048733086
train,returns_5,SELL_vs_NO_TRADE,14645,41693,0.054619254069461554,1.5254137524604013e-28,0.02258750748182967
train,returns_5,BUY_vs_SELL,15579,14645,0.015786104198579065,0.04596269141160836,0.017216464284495196
train,returns_10,BUY_vs_NO_TRADE,15579,41693,0.04849624426925059,1.2813431401926166e-23,0.048245406577159096
train,returns_10,SELL_vs_NO_TRADE,14645,41693,0.03679966156233913,3.4556335145004454e-13,0.025099017461222173
train,returns_10,BUY_vs_SELL,15579,14645,0.020328562069936384,0.0038485791788131656,0.021299497935706332
train,log_returns,BUY_vs_NO_TRADE,15579,41693,0.06227915295873082,1.104108807636208e-38,0.023206989297206874
train,log_returns,SELL_vs_NO_TRADE,14645,41693,0.056987117224877315,4.915127662602428e-31,0.02344831159336324
train,log_returns,BUY_vs_SELL,15579,14645,0.008627686012092128,0.6246003840186939,0.0
train,high_low_ratio,BUY_vs_NO_TRADE,15579,41693,0.15693181158496852,2.072006220422717e-244,0.2747713996401898
train,high_low_ratio,SELL_vs_NO_TRADE,14645,41693,0.14168885728541858,2.649180672928067e-190,0.2536862675749735
train,high_low_ratio,BUY_vs_SELL,15579,14645,0.018430391815053515,0.01170363511405687,0.01795334745960118
train,close_open_ratio,BUY_vs_NO_TRADE,15579,41693,0.06153579530072831,8.941341730171182e-38,0.02315893768761517
train,close_open_ratio,SELL_vs_NO_TRADE,14645,41693,0.0564895984031025,1.6745647234186986e-30,0.02346810797007942
train,close_open_ratio,BUY_vs_SELL,15579,14645,0.00927245536362642,0.5319132094395769,0.0
train,rsi,BUY_vs_NO_TRADE,15579,41693,0.05766470283636507,3.199603542284858e-33,0.0830866405885754
train,rsi,SELL_vs_NO_TRADE,14645,41693,0.04390715869891834,1.357300055340179e-18,0.04405588190998279
train,rsi,BUY_vs_SELL,15579,14645,0.020310324424741177,0.0038919406721366254,0.03595328462705783
train,macd,BUY_vs_NO_TRADE,15579,41693,0.046704386159355016,6.169278603199825e-22,0.05730049447109989
train,macd,SELL_vs_NO_TRADE,14645,41693,0.046870247174151225,3.957441149358247e-21,0.03128851149673385
train,macd,BUY_vs_SELL,15579,14645,0.02293483158152676,0.0006999610331031125,0.02847613475066268
train,macd_signal,BUY_vs_NO_TRADE,15579,41693,0.055293468931640555,1.4060104152499606e-30,0.0366545318978773
train,macd_signal,SELL_vs_NO_TRADE,14645,41693,0.058009220316836196,3.829605531919377e-32,0.020990634100832156
train,macd_signal,BUY_vs_SELL,15579,14645,0.014926585588696972,0.06850893316725881,0.01772650367903984
train,macd_hist,BUY_vs_NO_TRADE,15579,41693,0.03515694660985813,1.2948131099477984e-12,0.013584379696748259
train,macd_hist,SELL_vs_NO_TRADE,14645,41693,0.019740428658169606,0.000423323148135417,0.01318121981972092
train,macd_hist,BUY_vs_SELL,15579,14645,0.0225111536831486,0.0009364248444217795,0.028224466521256868
train,bb_upper,BUY_vs_NO_TRADE,15579,41693,0.02720852037148952,9.990999255532474e-08,0.03504922071090523
train,bb_upper,SELL_vs_NO_TRADE,14645,41693,0.02440961156864324,4.834335347120433e-06,0.03834762290241971
train,bb_upper,BUY_vs_SELL,15579,14645,0.013736624165414657,0.11473272538724277,0.003677139188391612
train,bb_lower,BUY_vs_NO_TRADE,15579,41693,0.02782543993336206,4.6225211802569326e-08,0.03323683974360393
train,bb_lower,SELL_vs_NO_TRADE,14645,41693,0.0238655397170347,8.546875763702857e-06,0.04086703647036894
train,bb_lower,BUY_vs_SELL,15579,14645,0.013598134649617094,0.12148854537964504,0.00809173340133652
train,bb_width,BUY_vs_NO_TRADE,15579,41693,0.021418418883740742,5.963141172152792e-05,0.03086406194556798
train,bb_width,SELL_vs_NO_TRADE,14645,41693,0.028457527304334596,4.6560034665938956e-08,0.0468930369271515
train,bb_width,BUY_vs_SELL,15579,14645,0.013469182532508506,0.12806886396372674,0.01692848450793052
train,bb_pct,BUY_vs_NO_TRADE,15579,41693,0.06346184012397404,3.760106039664796e-40,0.09032177831105778
train,bb_pct,SELL_vs_NO_TRADE,14645,41693,0.057622981661045986,1.0099922091094916e-31,0.048918476079609564
train,bb_pct,BUY_vs_SELL,15579,14645,0.023078422904343587,0.0006334330397877285,0.03692657924653808
train,sma_10,BUY_vs_NO_TRADE,15579,41693,0.028705809401595117,1.493507415056031e-08,0.035377122208269544
train,sma_10,SELL_vs_NO_TRADE,14645,41693,0.024116875307901964,6.579316133962546e-06,0.03865213819020971
train,sma_10,BUY_vs_SELL,15579,14645,0.014442847499953504,0.0849245840648939,0.0035402168672310336
train,sma_20,BUY_vs_NO_TRADE,15579,41693,0.0278301556127869,4.595061805715786e-08,0.03455859576114547
train,sma_20,SELL_vs_NO_TRADE,14645,41693,0.02395069941607758,7.8242145279094e-06,0.038285355571905225
train,sma_20,BUY_vs_SELL,15579,14645,0.015229165698298575,0.05968041818443948,0.003963893814343701
train,sma_50,BUY_vs_NO_TRADE,15579,41693,0.027519080885228697,6.792697089275911e-08,0.03034086589111128
train,sma_50,SELL_vs_NO_TRADE,14645,41693,0.024822743709144113,3.1095561615060174e-06,0.0356859942476417
train,sma_50,BUY_vs_SELL,15579,14645,0.01630373161023746,0.03575476042137293,0.005605442602930165
train,sma_200,BUY_vs_NO_TRADE,15579,41693,0.030368866187180155,1.6054409843217244e-09,0.02671571000458392
train,sma_200,SELL_vs_NO_TRADE,14645,41693,0.02342859142315329,1.338180493557821e-05,0.033274726863799085
train,sma_200,BUY_vs_SELL,15579,14645,0.017055503036309344,0.02447163759106674,0.006775506929646246
train,ema_12,BUY_vs_NO_TRADE,15579,41693,0.028602792667231536,1.707706209269235e-08,0.03439723917126695
train,ema_12,SELL_vs_NO_TRADE,14645,41693,0.024517273945959317,4.3122664595831675e-06,0.03838767233760297
train,ema_12,BUY_vs_SELL,15579,14645,0.015012913072418449,0.0658833644193273,0.004255203625992833
train,ema_26,BUY_vs_NO_TRADE,15579,41693,0.027618750611081155,5.995992434930379e-08,0.03248035611958559
train,ema_26,SELL_vs_NO_TRADE,14645,41693,0.024212814674222483,5.949678833848335e-06,0.037927383006869625
train,ema_26,BUY_vs_SELL,15579,14645,0.01722939839154139,0.022362322114333377,0.005711927361286136
train,price_to_sma_10,BUY_vs_NO_TRADE,15579,41693,0.06763249600833443,1.5063194020439567e-45,0.05128062202886627
train,price_to_sma_10,SELL_vs_NO_TRADE,14645,41693,0.05792649922681434,4.716203437855537e-32,0.01887440273605229
train,price_to_sma_10,BUY_vs_SELL,15579,14645,0.022717145716045772,0.0008134146124009256,0.02735008423077118
train,price_to_sma_20,BUY_vs_NO_TRADE,15579,41693,0.05421719631482913,2.0457927951069676e-29,0.06387049431934452
train,price_to_sma_20,SELL_vs_NO_TRADE,14645,41693,0.03934225621302179,5.178028527686264e-15,0.03681943320303504
train,price_to_sma_20,BUY_vs_SELL,15579,14645,0.02194636523753174,0.0013686979785018987,0.025055997165984393
train,price_to_sma_50,BUY_vs_NO_TRADE,15579,41693,0.050035189237390254,4.0919734350228506e-25,0.06730354063490673
train,price_to_sma_50,SELL_vs_NO_TRADE,14645,41693,0.0418691039021617,6.029276628326661e-17,0.04114638684885416
train,price_to_sma_50,BUY_vs_SELL,15579,14645,0.02119847276267306,0.002229155760266901,0.028211501843567303
train,price_to_sma_200,BUY_vs_NO_TRADE,15579,41693,0.029235842223663044,7.437434886905981e-09,0.00686804492913505
train,price_to_sma_200,SELL_vs_NO_TRADE,14645,41693,0.031532072822499146,8.514890267310986e-10,0.039879660398969285
train,price_to_sma_200,BUY_vs_SELL,15579,14645,0.019923555733329823,0.0049241136800921735,0.034720113594063566
train,atr,BUY_vs_NO_TRADE,15579,41693,0.05070826125622091,8.770930722839747e-26,0.06373220415320785
train,atr,SELL_vs_NO_TRADE,14645,41693,0.05387047171779785,8.898586393572257e-28,0.08464879355306759
train,atr,BUY_vs_SELL,15579,14645,0.01245849001721222,0.19024288376044673,0.020281056075876044
train,atr_pct,BUY_vs_NO_TRADE,15579,41693,0.04801915237711493,3.646331935619178e-23,0.06291893126353566
train,atr_pct,SELL_vs_NO_TRADE,14645,41693,0.05228844827221801,3.409855844756791e-26,0.06916548006384812
train,atr_pct,BUY_vs_SELL,15579,14645,0.01199906002273754,0.22535774720597557,0.005928921609990217
train,volatility_5,BUY_vs_NO_TRADE,15579,41693,0.10221722732777272,1.2874068870145343e-103,0.18536414137173135
train,volatility_5,SELL_vs_NO_TRADE,14645,41693,0.09297389164421599,5.555357459837253e-82,0.17414394124898608
train,volatility_5,BUY_vs_SELL,15579,14645,0.01362487968950682,0.12015905082519895,0.011344723823591469
train,volatility_20,BUY_vs_NO_TRADE,15579,41693,0.028599405630099717,1.715233787176772e-08,0.04945921935625813
train,volatility_20,SELL_vs_NO_TRADE,14645,41693,0.0342990129521174,1.6362905573114826e-11,0.061002486275621284
train,volatility_20,BUY_vs_SELL,15579,14645,0.013613133260974353,0.12074148856154732,0.011820577436635313
train,volume_sma,BUY_vs_NO_TRADE,15579,41693,0.04151806098984501,2.0079066358493497e-17,0.06502839469272649
train,volume_sma,SELL_vs_NO_TRADE,14645,41693,0.053369020659448485,2.859784143558573e-27,0.0865065467945535
train,volume_sma,BUY_vs_SELL,15579,14645,0.017136531478204042,0.023467792708842618,0.022733347400998853
train,volume_ratio,BUY_vs_NO_TRADE,15579,41693,0.25469217223249474,0.0,0.3877006978903278
train,volume_ratio,SELL_vs_NO_TRADE,14645,41693,0.23876400452913074,0.0,0.37583401769125657
train,volume_ratio,BUY_vs_SELL,15579,14645,0.01831379536288255,0.012486755557749678,0.009483119160300854
train,obv,BUY_vs_NO_TRADE,15579,41693,0.030720551489948622,9.85767630701567e-10,0.027622418011698364
train,obv,SELL_vs_NO_TRADE,14645,41693,0.0236400756551835,1.0782637215567195e-05,0.03379468538673846
train,obv,BUY_vs_SELL,15579,14645,0.010854510818121055,0.3336531371429564,0.006138259708766567
train,body_size,BUY_vs_NO_TRADE,15579,41693,0.10621938889176252,7.10034707661814e-112,0.19225447729262715
train,body_size,SELL_vs_NO_TRADE,14645,41693,0.09705784278238516,2.5602928365304162e-89,0.1740296298156668
train,body_size,BUY_vs_SELL,15579,14645,0.012642602135469971,0.177428042452209,0.014823706552821258
train,upper_shadow,BUY_vs_NO_TRADE,15579,41693,0.10568778109742827,9.261740260412673e-111,0.1894313061415434
train,upper_shadow,SELL_vs_NO_TRADE,14645,41693,0.08756095754857462,9.528340377982833e-73,0.15027777772000173
train,upper_shadow,BUY_vs_SELL,15579,14645,0.02508011513516134,0.0001475342672575765,0.03327137747307016
train,lower_shadow,BUY_vs_NO_TRADE,15579,41693,0.10361229095855362,1.85080983469299e-106,0.184556655499783
train,lower_shadow,SELL_vs_NO_TRADE,14645,41693,0.09737641781715234,6.647127072699069e-90,0.16532871341184008
train,lower_shadow,BUY_vs_SELL,15579,14645,0.009671329889219094,0.47723795153965776,0.016056485207828514
train,day_of_week,BUY_vs_NO_TRADE,15579,41693,0.025403987044909315,8.622515492496806e-07,0.0
train,day_of_week,SELL_vs_NO_TRADE,14645,41693,0.022953824217577246,2.157728031662837e-05,0.0
train,day_of_week,BUY_vs_SELL,15579,14645,0.01804099770920531,0.014506582080446511,0.0
train,is_weekend,BUY_vs_NO_TRADE,15579,41693,0.0,1.0,0.0
train,is_weekend,SELL_vs_NO_TRADE,14645,41693,0.0,1.0,0.0
train,is_weekend,BUY_vs_SELL,15579,14645,0.0,1.0,0.0
train,hour_of_day,BUY_vs_NO_TRADE,15579,41693,0.29821389046189817,0.0,0.3076923076923077
train,hour_of_day,SELL_vs_NO_TRADE,14645,41693,0.2877896627167069,0.0,0.3076923076923077
train,hour_of_day,BUY_vs_SELL,15579,14645,0.018639140752259253,0.010411533112849317,0.0
train,is_market_open,BUY_vs_NO_TRADE,15579,41693,0.0,1.0,0.0
train,is_market_open,SELL_vs_NO_TRADE,14645,41693,0.0,1.0,0.0
train,is_market_open,BUY_vs_SELL,15579,14645,0.0,1.0,0.0
train,is_asia_session,BUY_vs_NO_TRADE,15579,41693,0.29821389046189817,0.0,0.0
train,is_asia_session,SELL_vs_NO_TRADE,14645,41693,0.2877896627167068,0.0,0.0
train,is_asia_session,BUY_vs_SELL,15579,14645,0.010424227745191361,0.3822933770953242,0.0
train,is_london_session,BUY_vs_NO_TRADE,15579,41693,0.21511781946453779,0.0,0.0
train,is_london_session,SELL_vs_NO_TRADE,14645,41693,0.22108500954197896,0.0,0.0
train,is_london_session,BUY_vs_SELL,15579,14645,0.005967190077441176,0.9494102649555237,0.0
train,is_new_york_session,BUY_vs_NO_TRADE,15579,41693,0.2336740318574274,0.0,0.0
train,is_new_york_session,SELL_vs_NO_TRADE,14645,41693,0.22929173303271244,0.0,0.0
train,is_new_york_session,BUY_vs_SELL,15579,14645,0.00438229882471497,0.99856429306066,0.0
validation,returns,BUY_vs_NO_TRADE,1703,4720,0.05892492809299643,0.00031939865445398903,0.07821765368344982
validation,returns,SELL_vs_NO_TRADE,1568,4720,0.03213204773434797,0.1713162719760564,0.015299915533778373
validation,returns,BUY_vs_SELL,1703,1568,0.048533050918547205,0.04089370571783886,0.05650588000923927
validation,returns_2,BUY_vs_NO_TRADE,1703,4720,0.06657655483344449,2.8607066215488898e-05,0.0849773309879283
validation,returns_2,SELL_vs_NO_TRADE,1568,4720,0.02559884123140782,0.4149791219355049,0.027921384177710454
validation,returns_2,BUY_vs_SELL,1703,1568,0.05572848634462596,0.011924765756016491,0.0534290510161954
validation,returns_5,BUY_vs_NO_TRADE,1703,4720,0.0743792111627537,1.8043200878448622e-06,0.10841354856778636
validation,returns_5,SELL_vs_NO_TRADE,1568,4720,0.03072898650985817,0.21097993488965805,0.046237787777682386
validation,returns_5,BUY_vs_SELL,1703,1568,0.058178020180473855,0.007542503778794678,0.06063137941904461
validation,returns_10,BUY_vs_NO_TRADE,1703,4720,0.07131545030205921,5.539355844438298e-06,0.1034483104058013
validation,returns_10,SELL_vs_NO_TRADE,1568,4720,0.04524169837426495,0.015561404909503,0.048282861455773686
validation,returns_10,BUY_vs_SELL,1703,1568,0.051396020827591204,0.025556208395512432,0.05747325232259218
validation,log_returns,BUY_vs_NO_TRADE,1703,4720,0.05892492809299643,0.00031939865445398903,0.0782185086130068
validation,log_returns,SELL_vs_NO_TRADE,1568,4720,0.03213204773434797,0.1713162719760564,0.015300009007237417
validation,log_returns,BUY_vs_SELL,1703,1568,0.048533050918547205,0.04089370571783886,0.056506356693223826
validation,high_low_ratio,BUY_vs_NO_TRADE,1703,4720,0.10846263323944783,2.820783467466205e-13,0.19382068557661983
validation,high_low_ratio,SELL_vs_NO_TRADE,1568,4720,0.06844949844344517,3.0451725135911322e-05,0.10719850613501992
validation,high_low_ratio,BUY_vs_SELL,1703,1568,0.052496270087600494,0.021183128471390436,0.07793004882157378
validation,close_open_ratio,BUY_vs_NO_TRADE,1703,4720,0.05874827074852951,0.0003364993389014535,0.06369549078976916
validation,close_open_ratio,SELL_vs_NO_TRADE,1568,4720,0.03542243168453818,0.10128694249492842,0.0003219723347904718
validation,close_open_ratio,BUY_vs_SELL,1703,1568,0.04402981832780084,0.0811107237819227,0.05592583527214709
validation,rsi,BUY_vs_NO_TRADE,1703,4720,0.05544652009912715,0.0008677553556122654,0.039277796503158914
validation,rsi,SELL_vs_NO_TRADE,1568,4720,0.026400899342787998,0.3768185006305972,0.005215808399994424
validation,rsi,BUY_vs_SELL,1703,1568,0.049674119501000646,0.03401038812649332,0.03228797560424043
validation,macd,BUY_vs_NO_TRADE,1703,4720,0.04986414801397335,0.003801370235698351,0.007885318777139067
validation,macd,SELL_vs_NO_TRADE,1568,4720,0.05709097198201314,0.000885627906767819,0.0071367455896015845
validation,macd,BUY_vs_SELL,1703,1568,0.03230343811041739,0.351620420026638,0.01721299522762392
validation,macd_signal,BUY_vs_NO_TRADE,1703,4720,0.0646924171700986,5.325527222123889e-05,0.050718816550596284
validation,macd_signal,SELL_vs_NO_TRADE,1568,4720,0.06370416810792114,0.00013406088171369045,0.03122623852567178
validation,macd_signal,BUY_vs_SELL,1703,1568,0.03260003355423213,0.34085287328479796,0.022239147200330982
validation,macd_hist,BUY_vs_NO_TRADE,1703,4720,0.07230970769429823,3.868716818678251e-06,0.09742188679215001
validation,macd_hist,SELL_vs_NO_TRADE,1568,4720,0.08175588031822889,2.702445134671481e-07,0.054764732956976064
validation,macd_hist,BUY_vs_SELL,1703,1568,0.06152220870732322,0.0039094803154370176,0.052033606388882395
validation,bb_upper,BUY_vs_NO_TRADE,1703,4720,0.05988348079660022,0.0002399237693381678,0.07941600242505856
validation,bb_upper,SELL_vs_NO_TRADE,1568,4720,0.03135809408509166,0.19239943632389495,0.04115807802647533
validation,bb_upper,BUY_vs_SELL,1703,1568,0.08443870061236475,1.613006283943619e-05,0.1228561531973595
validation,bb_lower,BUY_vs_NO_TRADE,1703,4720,0.050435920658459144,0.0032911923072093006,0.05436765248169644
validation,bb_lower,SELL_vs_NO_TRADE,1568,4720,0.0470425458318921,0.010505365073623523,0.03158354404537704
validation,bb_lower,BUY_vs_SELL,1703,1568,0.0780495404268578,8.865384772129177e-05,0.08735040097147174
validation,bb_width,BUY_vs_NO_TRADE,1703,4720,0.07611095076485169,9.373799808266256e-07,0.1222060391480816
validation,bb_width,SELL_vs_NO_TRADE,1568,4720,0.10045399515738496,8.553236600299935e-11,0.14684172716374094
validation,bb_width,BUY_vs_SELL,1703,1568,0.04956439416635705,0.03462691610717154,0.0233926965081353
validation,bb_pct,BUY_vs_NO_TRADE,1703,4720,0.0722667874239876,3.929547160702008e-06,0.09235790938324151
validation,bb_pct,SELL_vs_NO_TRADE,1568,4720,0.030486855759252834,0.21848712798830197,0.03775757713766163
validation,bb_pct,BUY_vs_SELL,1703,1568,0.052956142821191904,0.01955863562173266,0.05199137418381808
validation,sma_10,BUY_vs_NO_TRADE,1703,4720,0.04852914099744221,0.005288009445685786,0.06578182839012722
validation,sma_10,SELL_vs_NO_TRADE,1568,4720,0.03476089588377729,0.11304305375855747,0.04448163378243659
validation,sma_10,BUY_vs_SELL,1703,1568,0.07428517502127102,0.00022723781688709324,0.11525795828760019
validation,sma_20,BUY_vs_NO_TRADE,1703,4720,0.048497914945708986,0.005328437425662451,0.06940858798735945
validation,sma_20,SELL_vs_NO_TRADE,1568,4720,0.03782212037357319,0.06683440656421617,0.04652215565460364
validation,sma_20,BUY_vs_SELL,1703,1568,0.08133156374704903,3.756884526746745e-05,0.11953249724671429
validation,sma_50,BUY_vs_NO_TRADE,1703,4720,0.05502216925266479,0.0009763090749228936,0.07914410602173066
validation,sma_50,SELL_vs_NO_TRADE,1568,4720,0.03955378761674161,0.04868179166399163,0.03477107598117412
validation,sma_50,BUY_vs_SELL,1703,1568,0.0880513978932736,5.799090498375348e-06,0.11489484789134456
validation,sma_200,BUY_vs_NO_TRADE,1703,4720,0.07104449276948954,6.1031105554207165e-06,0.1020127641783053
validation,sma_200,SELL_vs_NO_TRADE,1568,4720,0.032851954341058476,0.1533854971628738,0.02562404964250206
validation,sma_200,BUY_vs_SELL,1703,1568,0.09855844128608576,2.3194808835516712e-07,0.1278165782351169
validation,ema_12,BUY_vs_NO_TRADE,1703,4720,0.05295353663027358,0.0017112099047604963,0.07151608808029503
validation,ema_12,SELL_vs_NO_TRADE,1568,4720,0.036460134901418195,0.08490415460644118,0.04751056620573466
validation,ema_12,BUY_vs_SELL,1703,1568,0.07545170886910252,0.00017060397119186146,0.12335225022093822
validation,ema_26,BUY_vs_NO_TRADE,1703,4720,0.049490555052400076,0.00417299449817321,0.06953339651251257
validation,ema_26,SELL_vs_NO_TRADE,1568,4720,0.03607964372189554,0.09063203689423262,0.041674414952630426
validation,ema_26,BUY_vs_SELL,1703,1568,0.0802893603125337,4.9534554030943814e-05,0.11447927979117425
validation,price_to_sma_10,BUY_vs_NO_TRADE,1703,4720,0.08569436288901933,1.9024317890104256e-08,0.14143157331628334
validation,price_to_sma_10,SELL_vs_NO_TRADE,1568,4720,0.03235039778623311,0.16571059006615985,0.02962129055338081
validation,price_to_sma_10,BUY_vs_SELL,1703,1568,0.06887942346639181,0.0008095373043502149,0.10732472551361837
validation,price_to_sma_20,BUY_vs_NO_TRADE,1703,4720,0.048338425709366306,0.005539455974898046,0.08422837738225593
validation,price_to_sma_20,SELL_vs_NO_TRADE,1568,4720,0.03480845728121751,0.11216183655597456,0.03829696145240123
validation,price_to_sma_20,BUY_vs_SELL,1703,1568,0.05135819741872086,0.025718687740512433,0.048648120693092975
validation,price_to_sma_50,BUY_vs_NO_TRADE,1703,4720,0.030227440110672132,0.1980349128337315,0.0070856509794888
validation,price_to_sma_50,SELL_vs_NO_TRADE,1568,4720,0.03982402282947077,0.046273641051202255,0.02881959280452931
validation,price_to_sma_50,BUY_vs_SELL,1703,1568,0.045392959003918654,0.06637742157027872,0.023733593848306155
validation,price_to_sma_200,BUY_vs_NO_TRADE,1703,4720,0.03063089065159197,0.18619782653004902,0.002763967857867361
validation,price_to_sma_200,SELL_vs_NO_TRADE,1568,4720,0.07857142857142863,9.035608267657368e-07,0.1302394348284286
validation,price_to_sma_200,BUY_vs_SELL,1703,1568,0.09118886838352491,2.304999919185037e-06,0.13423978163164588
validation,atr,BUY_vs_NO_TRADE,1703,4720,0.10054626929546068,1.8133757651166912e-11,0.17571634448114867
validation,atr,SELL_vs_NO_TRADE,1568,4720,0.13027499135247317,7.145105506065968e-18,0.22800901595636347
validation,atr,BUY_vs_SELL,1703,1568,0.06253220607091925,0.003183472444851217,0.05705968462268996
validation,atr_pct,BUY_vs_NO_TRADE,1703,4720,0.09877708331259888,4.4027365605699656e-11,0.1613866744415607
validation,atr_pct,SELL_vs_NO_TRADE,1568,4720,0.13246497751643027,1.8255376050988936e-18,0.23222351808965913
validation,atr_pct,BUY_vs_SELL,1703,1568,0.0623341012858461,0.0033154029138064032,0.07438183717092212
validation,volatility_5,BUY_vs_NO_TRADE,1703,4720,0.07252667277088287,3.5752200871014333e-06,0.11509352964390443
validation,volatility_5,SELL_vs_NO_TRADE,1568,4720,0.024792459356623997,0.4555207667717719,0.008719564530236052
validation,volatility_5,BUY_vs_SELL,1703,1568,0.07663322228480351,0.00012707461122416668,0.1200667494051842
validation,volatility_20,BUY_vs_NO_TRADE,1703,4720,0.08293987678772258,6.114672243103058e-08,0.13363971328753366
validation,volatility_20,SELL_vs_NO_TRADE,1568,4720,0.11018678657903835,6.6789038096013e-13,0.19141447617819787
validation,volatility_20,BUY_vs_SELL,1703,1568,0.051961874003858724,0.023218129203037473,0.06136635971400048
validation,volume_sma,BUY_vs_NO_TRADE,1703,4720,0.10185452889716062,9.312675817993821e-12,0.1620067078331191
validation,volume_sma,SELL_vs_NO_TRADE,1568,4720,0.1344106710480802,5.327153210475438e-19,0.18342012311242104
validation,volume_sma,BUY_vs_SELL,1703,1568,0.042158870300909534,0.10572010858791446,0.02534704883651255
validation,volume_ratio,BUY_vs_NO_TRADE,1703,4720,0.24466805836161504,2.751547229878483e-66,0.4501251149013872
validation,volume_ratio,SELL_vs_NO_TRADE,1568,4720,0.22122319266689733,5.592735522320205e-51,0.3849280236342093
validation,volume_ratio,BUY_vs_SELL,1703,1568,0.046244172948098794,0.05839083700024982,0.05944446008153099
validation,obv,BUY_vs_NO_TRADE,1703,4720,0.04585041850373717,0.009981944571049542,0.02374512558591442
validation,obv,SELL_vs_NO_TRADE,1568,4720,0.021806900726392242,0.6203614166675878,0.01562380179176933
validation,obv,BUY_vs_SELL,1703,1568,0.043323157213560726,0.08975692724760902,0.008119562792772697
validation,body_size,BUY_vs_NO_TRADE,1703,4720,0.07455362918876951,1.6903823957029481e-06,0.12190500183614465
validation,body_size,SELL_vs_NO_TRADE,1568,4720,0.06072941888619865,0.0003215428612678246,0.10143543174056907
validation,body_size,BUY_vs_SELL,1703,1568,0.022844589979268304,0.7755738940418075,0.020811730531282442
validation,upper_shadow,BUY_vs_NO_TRADE,1703,4720,0.07231679886939296,3.859237943473344e-06,0.11212730359333006
validation,upper_shadow,SELL_vs_NO_TRADE,1568,4720,0.07257004496713942,7.711547521902704e-06,0.11360451859730032
validation,upper_shadow,BUY_vs_SELL,1703,1568,0.03517689371696997,0.2564012901695633,0.0007215623450417199
validation,lower_shadow,BUY_vs_NO_TRADE,1703,4720,0.08542029519193445,2.140272760903431e-08,0.14574410458155174
validation,lower_shadow,SELL_vs_NO_TRADE,1568,4720,0.046435057073676955,0.012014781837773384,0.0911673734457109
validation,lower_shadow,BUY_vs_SELL,1703,1568,0.051733435593849963,0.02414101963353899,0.05170351065903859
validation,day_of_week,BUY_vs_NO_TRADE,1703,4720,0.014384884102829454,0.9538793450624277,0.0
validation,day_of_week,SELL_vs_NO_TRADE,1568,4720,0.01384036665513666,0.9749675733924446,0.0
validation,day_of_week,BUY_vs_SELL,1703,1568,0.028225250757966114,0.5211471412037175,0.0
validation,is_weekend,BUY_vs_NO_TRADE,1703,4720,0.0,1.0,0.0
validation,is_weekend,SELL_vs_NO_TRADE,1568,4720,0.0,1.0,0.0
validation,is_weekend,BUY_vs_SELL,1703,1568,0.0,1.0,0.0
validation,hour_of_day,BUY_vs_NO_TRADE,1703,4720,0.24660768135991318,2.4007866544935854e-67,0.25
validation,hour_of_day,SELL_vs_NO_TRADE,1568,4720,0.21652758561051538,7.72571858354523e-49,0.15384615384615385
validation,hour_of_day,BUY_vs_SELL,1703,1568,0.04678718228336548,0.05374998899185265,0.125
validation,is_market_open,BUY_vs_NO_TRADE,1703,4720,0.0,1.0,0.0
validation,is_market_open,SELL_vs_NO_TRADE,1568,4720,0.0,1.0,0.0
validation,is_market_open,BUY_vs_SELL,1703,1568,0.0,1.0,0.0
validation,is_asia_session,BUY_vs_NO_TRADE,1703,4720,0.24660768135991318,2.4007866544935854e-67,0.0
validation,is_asia_session,SELL_vs_NO_TRADE,1568,4720,0.21652758561051533,7.72571858354523e-49,0.0
validation,is_asia_session,BUY_vs_SELL,1703,1568,0.03008009574939785,0.4394988972382488,0.0
validation,is_london_session,BUY_vs_NO_TRADE,1703,4720,0.18503712292365415,6.213623708401045e-38,0.0
validation,is_london_session,SELL_vs_NO_TRADE,1568,4720,0.1882199066067105,6.1380012357958515e-37,0.0
validation,is_london_session,BUY_vs_SELL,1703,1568,0.003182783683056356,1.0,0.0
validation,is_new_york_session,BUY_vs_NO_TRADE,1703,4720,0.21458418344496744,5.766877266944594e-51,0.0
validation,is_new_york_session,SELL_vs_NO_TRADE,1568,4720,0.18754756139744033,1.1216711943225648e-36,0.0
validation,is_new_york_session,BUY_vs_SELL,1703,1568,0.027036622047527104,0.5765171629527397,0.0
