treatment,fold,direction_auc,balanced_accuracy,buy_recall,sell_recall,directional_macro_f1,activity_auc,scaler_fit_rows,source
m15_h1,1,0.5115990490869667,0.5018466391494031,0.2796833773087071,0.724009900990099,0.47940517726967563,0.7285518243541116,11917,
m15_h1,2,0.5093330965001668,0.49931832558951206,0.28314028314028317,0.715496368038741,0.4779635258358663,0.7441553342937332,23831,
m15_h1,3,0.5118264967910001,0.5181030724201032,0.242274412855377,0.7939317319848294,0.4768633372883184,0.7526735808124878,35745,
m15_h1,4,0.5111892884418517,0.5058708828260834,0.29781771501925547,0.7139240506329114,0.4842364802254866,0.7597421156216336,47659,
m15_h1,5,0.5267890953311885,0.517370657143297,0.45629820051413883,0.578443113772455,0.5164840052835458,0.7594931315090904,59573,
m1_h1,1,0.5158882807805847,0.5040018678648868,0.24934036939313983,0.7586633663366337,0.4735393253482826,0.7313870968458561,11917,
m1_h1,2,0.5255514940744965,0.5172545426782715,0.296010296010296,0.738498789346247,0.495676867436992,0.7444549676610743,23831,
m1_h1,3,0.5104958596322348,0.5095754306404404,0.32509270704573545,0.6940581542351454,0.49124446575019654,0.7643269766821796,35745,
m1_h1,4,0.48669504882923587,0.5011277034822313,0.25288831835686776,0.7493670886075949,0.46922804692297815,0.7644353611739783,47659,
m1_h1,5,0.5123039268506688,0.5019310992411065,0.4074550128534704,0.5964071856287425,0.49896068832794604,0.7609554998392165,59573,
m15_h2,1,0.511738688123326,0.5153443385136635,0.3778857837181045,0.6528028933092225,0.5062790695937371,0.7305411262373606,11916,
m15_h2,2,0.5134354129337025,0.5040765597002769,0.3251428571428571,0.6830102622576967,0.4877751291303296,0.7479131162862939,23828,
m15_h2,3,0.5137272849289404,0.5017495084426106,0.14714204867006225,0.8563569682151589,0.42326119070746315,0.7561915134575836,35740,
m15_h2,4,0.5056193664274128,0.4970286986567246,0.24761336515513127,0.7464440321583179,0.46140486277949044,0.76338324777493,47652,
m15_h2,5,0.5176644251271117,0.5116132934229949,0.42678571428571427,0.5964408725602756,0.508801006341329,0.7496809599632119,59564,
m1_h2,1,0.5187328295822997,0.5048353654026017,0.3110571081409477,0.6986136226642555,0.48589526538172134,0.7348555084899935,11916,
m1_h2,2,0.5141918879296302,0.5009069881088125,0.29542857142857143,0.7063854047890535,0.4790225719187951,0.7546957853522847,23828,
m1_h2,3,0.5135442913617351,0.5020551319144932,0.14714204867006225,0.8569682151589242,0.42346421285206803,0.7651795939422423,35740,
m1_h2,4,0.4922212972843726,0.4988360173750559,0.23329355608591884,0.764378478664193,0.45841724397185973,0.768315746886086,47652,
m1_h2,5,0.5153873489694385,0.5065421518779728,0.43214285714285716,0.5809414466130884,0.5044285108865553,0.7561249043981333,59564,
m15_h3,1,0.5026799513072934,0.4970713806852264,0.30265339966832505,0.6914893617021277,0.4760315582384206,0.7434702173089405,11912,
m15_h3,2,0.5071095098749399,0.5095046095816753,0.3394863563402889,0.6795228628230616,0.49529197608413966,0.7604401773794746,23824,
m15_h3,3,0.5225683544863942,0.504172244178875,0.1520700636942675,0.8562744246634825,0.4263340776646152,0.7681036888182465,35736,
m15_h3,4,0.48680607193887965,0.4888209692940251,0.22236024844720498,0.7552816901408451,0.44561191972291864,0.7716271834855003,47648,
m15_h3,5,0.5243866016694761,0.5137478675960657,0.47370600414078673,0.5537897310513448,0.5131192612160398,0.7554913459312972,59560,
m1_h3,1,0.5047614763064112,0.5005199181397975,0.28316749585406303,0.7178723404255319,0.474322785918887,0.750445176411157,11912,
m1_h3,2,0.5171500690878804,0.5048604839661868,0.3238362760834671,0.6858846918489065,0.48849800793112735,0.7651224274429991,23824,
m1_h3,3,0.5160284909464532,0.4988713316333445,0.15406050955414013,0.8436821537125488,0.42372375324307476,0.7765218538949443,35736,
m1_h3,4,0.4969950135596186,0.49642784241681975,0.2463768115942029,0.7464788732394366,0.45894307548629376,0.7745422478282342,47648,
m1_h3,5,0.5090844204164072,0.5037740385832232,0.4749482401656315,0.532599837000815,0.5034687536011668,0.7586742845718408,59560,
m15_h4,1,0.5063484557918538,0.5052037667802043,0.31336405529953915,0.6970434782608695,0.48356881241071786,0.7533855075543248,11912,
m15_h4,2,0.5057094555328973,0.503444998573587,0.3396774193548387,0.6672125777923354,0.4891284910504153,0.7777229027292747,23823,
m15_h4,3,0.5177867023041116,0.508531172200202,0.14833924540470816,0.8687230989956959,0.4256334972242275,0.7697062996329922,35734,
m15_h4,4,0.4917999806557694,0.49284529451591064,0.24069058903182125,0.745,0.45497349580726004,0.7773004821299505,47645,
m15_h4,5,0.5156101356678455,0.5120393205230873,0.4445557782231129,0.5795228628230616,0.5099397210185763,0.77577414251003,59556,
m1_h4,1,0.506532043392392,0.5006395511921459,0.2903225806451613,0.7109565217391305,0.4745497209811883,0.7599480987151307,11912,
m1_h4,2,0.5138878733767949,0.5056212292509747,0.3335483870967742,0.6776940714051752,0.48987288962129794,0.7811707869383968,23823,
m1_h4,3,0.5148615686983927,0.5019056540746564,0.1289906481780071,0.8748206599713056,0.41153989804342983,0.7825884108977447,35734,
m1_h4,4,0.4872585598220331,0.495154874746107,0.26709546377792825,0.7232142857142857,0.4643343649721572,0.786012176797278,47645,
m1_h4,5,0.5178736089364503,0.5093593416123168,0.43720774883099534,0.5815109343936382,0.5069338272106662,0.775488887738452,59556,
m15_h5,1,0.5132754098729474,0.4605926958928939,0.27032404775440594,0.615220700152207,0.4488472104078201,0.7751664145262414,11984,frozen_first_passage_report
m15_h5,2,0.5167678401822823,0.4822930116716444,0.28860759493670884,0.5034542314335061,0.47753350521744703,0.787825757151914,23964,frozen_first_passage_report
m15_h5,3,0.5171001555025722,0.46092280769131166,0.14157806379406826,0.7721958925750395,0.41716854345689186,0.7931569545417906,35944,frozen_first_passage_report
m15_h5,4,0.4809781721546428,0.4679602932685609,0.12354312354312354,0.5365701836290072,0.4375167468980828,0.7900993411342251,47924,frozen_first_passage_report
m15_h5,5,0.520310810140563,0.4702521188177992,0.30724971231300346,0.37257737923054673,0.4654342631526121,0.7817455339968725,59904,frozen_first_passage_report
m1_h5,1,0.507909161209641,0.5034366489430684,0.2796005706134094,0.7272727272727273,0.4731829497224943,0.7704077790110339,11914,
m1_h5,2,0.5113994099855841,0.5085130292350092,0.3400056385678038,0.6770204199022145,0.49329844024007996,0.7912627534664015,23823,
m1_h5,3,0.514494377491634,0.5085254251920919,0.12626262626262627,0.8907882241215574,0.41290784631335037,0.7906553296071259,35732,
m1_h5,4,0.47686244113065906,0.4814903390837255,0.22620446533490013,0.7367762128325509,0.4412089406959374,0.7939890167687909,47641,
m1_h5,5,0.5200805527468824,0.5195251937984496,0.4666666666666667,0.5723837209302326,0.518140285306751,0.7871589122437784,59550,
spread_h5,1,0.5076654235258826,0.5006222690310358,0.3232524964336662,0.6779920416284053,0.4811431650468144,0.76986786215981,11914,
spread_h5,2,0.5122536684137794,0.5104714058366879,0.35974062588102623,0.6612021857923497,0.49832776099803755,0.7881315530551197,23823,
spread_h5,3,0.5178837191868741,0.500417278195056,0.17620650953984288,0.824628046850269,0.4317472426871267,0.7899375565710013,35732,
spread_h5,4,0.48013195375412154,0.4838391821092372,0.2452996474735605,0.7223787167449139,0.4488217049287586,0.7885844428291795,47641,
spread_h5,5,0.5078822042467138,0.510203488372093,0.48,0.540406976744186,0.5097340676142896,0.7844159537733391,59550,
m1_spread_h5,1,0.5093364807020624,0.5074809828278898,0.31982881597717544,0.6951331496786042,0.4860652658331575,0.7737627661266187,11914,
m1_spread_h5,2,0.5147739963264171,0.5078848324553173,0.33098393008175925,0.6847857348288755,0.49109450853802905,0.791714341587725,23823,
m1_spread_h5,3,0.5182048048989064,0.504568476790699,0.12626262626262627,0.8828743273187718,0.41041468988170704,0.7966887331933323,35732,
m1_spread_h5,4,0.47932451741392346,0.48813179376559657,0.24324324324324326,0.7330203442879499,0.4515043593315219,0.7919093202787959,47641,
m1_spread_h5,5,0.5164671385237614,0.5137382035726323,0.4481159420289855,0.579360465116279,0.5115872425138015,0.7866276798383849,59550,
m15_h8,1,0.5152122049465838,0.49892180928103014,0.2973593570608496,0.7004842615012107,0.4749540048899492,0.8042205221670247,11913,
m15_h8,2,0.5121948462310015,0.5045275297164181,0.33877459749552774,0.6702804619373085,0.48827191227809663,0.8263674536183299,23821,
m15_h8,3,0.5289187637546646,0.5130841183821759,0.16097343156954677,0.8651948051948052,0.4305778019266293,0.8363391713062125,35729,
m15_h8,4,0.48317444090572464,0.49152286996340927,0.23708206686930092,0.7459636730575177,0.4513609165817052,0.8220246185383352,47637,
m15_h8,5,0.5150099108570427,0.5100866515539786,0.413623595505618,0.6065497076023392,0.5055020501684059,0.8085358878277653,59545,
m1_h8,1,0.5196974338588303,0.503963744325495,0.26337543053960966,0.7445520581113801,0.47023150532394453,0.8110590753974423,11913,
m1_h8,2,0.5176897168734613,0.5085156832025135,0.33072450805008946,0.6863068583549375,0.4900566371884519,0.8283816847633028,23821,
m1_h8,3,0.526318519613898,0.5129278045018166,0.1422192453672695,0.8836363636363637,0.42113822576487414,0.8433977621422654,35729,
m1_h8,4,0.481051110685909,0.4947040019044442,0.22679448211363104,0.7626135216952573,0.4504212230243385,0.8217206451132764,47637,
m1_h8,5,0.5074867763979236,0.49886104540377163,0.42064606741573035,0.5770760233918129,0.49579012700546476,0.8076686736311849,59545,
