dimension,group,split,row_count,sell_pct,buy_pct,no_trade_pct,validation_minus_train_sell_pct_pp,validation_minus_train_buy_pct_pp,validation_minus_train_no_trade_pct_pp
utc_hour,0,train,12,8.333333333333334,8.333333333333334,83.33333333333333,,,
utc_hour,1,train,3142,5.155951623169956,4.201145767027371,90.64290260980268,0.8099574677391352,1.4806724147908108,-2.2906298825299416
utc_hour,2,train,3144,8.524173027989821,8.492366412213741,82.98346055979644,3.9758269720101787,2.8712699514226223,-6.847096923432801
utc_hour,3,train,3144,9.541984732824428,9.764631043256998,80.69338422391857,2.6739243580846637,1.8830962294702758,-4.557020587554931
utc_hour,4,train,3145,8.966613672496026,9.475357710651828,81.55802861685214,1.8288408729585193,0.7519150166208988,-2.5807558895794074
utc_hour,5,train,3148,7.878017789072427,8.259212198221093,83.86277001270648,1.212891301836665,1.968060529051634,-3.18095183088829
utc_hour,6,train,3148,9.593392630241423,9.021601016518424,81.38500635324016,4.611152824304032,-1.0670555619729702,-3.5440972623310643
utc_hour,7,train,3148,16.296060991105463,15.787801778907243,67.9161372299873,2.1698480998036267,2.9621982210927573,-5.132046320896393
utc_hour,8,train,3147,27.35938989513823,26.278995869081665,46.36161423578011,-4.916208076956412,5.539185949100151,-0.6229778721437427
utc_hour,9,train,3147,32.22116301239276,33.8417540514776,33.93708293612965,1.5856551694254222,-4.580390415113964,2.9947352456885312
utc_hour,10,train,3148,28.335451080050827,31.353240152477763,40.31130876747141,-3.3354510800508272,-1.52369469793231,4.859145777983137
utc_hour,11,train,3148,22.61753494282084,25.34942820838628,52.03303684879288,-5.5720803973662925,-3.1903372992953685,8.762417696661664
utc_hour,12,train,3148,22.01397712833545,24.52350698856417,53.46251588310038,3.4874555364209954,-11.342991229251847,7.855535692830848
utc_hour,13,train,3148,24.682337992376112,25.508259212198222,49.80940279542567,-2.843257532605996,0.928522396997181,1.9147351356088151
utc_hour,14,train,3148,30.559085133418044,28.843710292249046,40.59720457433291,-4.122303524222641,3.0528414318888863,1.069462092333751
utc_hour,15,train,3148,35.35578144853876,38.72299872935197,25.921219822109276,-0.2983101841709441,0.07010471892389347,0.2282054652470471
utc_hour,16,train,3147,35.462345090562444,39.11661900222434,25.42103590721322,0.7445514611616915,4.561541917315893,-5.306093378477588
utc_hour,17,train,3144,27.92620865139949,31.361323155216287,40.712468193384225,-1.2020707203650076,-1.1889093621128382,2.3909800824778458
utc_hour,18,train,3144,23.791348600508904,26.55852417302799,49.650127226463106,-4.251118715451433,-3.570018425901555,7.821137141352985
utc_hour,19,train,3144,23.40966921119593,24.84096692111959,51.74936386768448,-2.7200140387821357,-1.5651048521540751,4.285118890936211
utc_hour,20,train,3037,23.24662495884096,26.012512347711557,50.74086269344748,-5.5289072411232425,-8.294794629993838,13.82370187111708
utc_hour,21,train,3032,21.108179419525065,25.16490765171504,53.726912928759894,-4.5419143592841,-1.9721365673776923,6.514050926661795
utc_hour,22,train,3030,16.435643564356436,17.22772277227723,66.33663366336634,-1.420628549341421,-0.7112062557607111,2.1318348051021303
utc_hour,23,train,3026,7.369464639788499,8.129543952412426,84.50099140779908,0.6662496459257872,5.263313190444716,-5.929562836370508
session,asia_00_07,train,22031,9.423085652035768,9.286913894058372,81.29000045390586,2.468148114197998,1.5491250669805883,-4.017273181178595
session,london_08_15,train,25182,27.89293940115956,29.30267651497101,42.80438408386943,-2.00932640580076,-1.3840760151495175,3.393402420950281
session,new_york_13_20,train,25060,28.07661612130886,30.139664804469273,41.78371907422187,-2.5078187215255454,-0.7066564982215304,3.2144752197470723
session,london_new_york_overlap_13_15,train,9444,30.199068191444304,31.02498941126641,38.775942397289285,-2.421290413666526,1.3504895159366512,1.0708008977298746
session,unassigned,train,9088,14.975792253521126,16.846390845070424,68.17781690140845,-1.78897906670794,0.835926837247257,0.9530522294606811
utc_hour,1,validation,352,5.965909090909091,5.681818181818182,88.35227272727273,0.8099574677391352,1.4806724147908108,-2.2906298825299416
utc_hour,2,validation,352,12.5,11.363636363636363,76.13636363636364,3.9758269720101787,2.8712699514226223,-6.847096923432801
utc_hour,3,validation,352,12.215909090909092,11.647727272727273,76.13636363636364,2.6739243580846637,1.8830962294702758,-4.557020587554931
utc_hour,4,validation,352,10.795454545454545,10.227272727272727,78.97727272727273,1.8288408729585193,0.7519150166208988,-2.5807558895794074
utc_hour,5,validation,352,9.090909090909092,10.227272727272727,80.68181818181819,1.212891301836665,1.968060529051634,-3.18095183088829
utc_hour,6,validation,352,14.204545454545455,7.954545454545454,77.8409090909091,4.611152824304032,-1.0670555619729702,-3.5440972623310643
utc_hour,7,validation,352,18.46590909090909,18.75,62.78409090909091,2.1698480998036267,2.9621982210927573,-5.132046320896393
utc_hour,8,validation,352,22.443181818181817,31.818181818181817,45.73863636363637,-4.916208076956412,5.539185949100151,-0.6229778721437427
utc_hour,9,validation,352,33.80681818181818,29.261363636363637,36.93181818181818,1.5856551694254222,-4.580390415113964,2.9947352456885312
utc_hour,10,validation,352,25.0,29.829545454545453,45.17045454545455,-3.3354510800508272,-1.52369469793231,4.859145777983137
utc_hour,11,validation,352,17.045454545454547,22.15909090909091,60.79545454545455,-5.5720803973662925,-3.1903372992953685,8.762417696661664
utc_hour,12,validation,349,25.501432664756447,13.180515759312321,61.31805157593123,3.4874555364209954,-11.342991229251847,7.855535692830848
utc_hour,13,validation,348,21.839080459770116,26.436781609195403,51.724137931034484,-2.843257532605996,0.928522396997181,1.9147351356088151
utc_hour,14,validation,348,26.436781609195403,31.896551724137932,41.666666666666664,-4.122303524222641,3.0528414318888863,1.069462092333751
utc_hour,15,validation,348,35.05747126436781,38.793103448275865,26.149425287356323,-0.2983101841709441,0.07010471892389347,0.2282054652470471
utc_hour,16,validation,348,36.206896551724135,43.67816091954023,20.114942528735632,0.7445514611616915,4.561541917315893,-5.306093378477588
utc_hour,17,validation,348,26.724137931034484,30.17241379310345,43.10344827586207,-1.2020707203650076,-1.1889093621128382,2.3909800824778458
utc_hour,18,validation,348,19.54022988505747,22.988505747126435,57.47126436781609,-4.251118715451433,-3.570018425901555,7.821137141352985
utc_hour,19,validation,348,20.689655172413794,23.275862068965516,56.03448275862069,-2.7200140387821357,-1.5651048521540751,4.285118890936211
utc_hour,20,validation,333,17.71771771771772,17.71771771771772,64.56456456456456,-5.5289072411232425,-8.294794629993838,13.82370187111708
utc_hour,21,validation,332,16.566265060240966,23.19277108433735,60.24096385542169,-4.5419143592841,-1.9721365673776923,6.514050926661795
utc_hour,22,validation,333,15.015015015015015,16.516516516516518,68.46846846846847,-1.420628549341421,-0.7112062557607111,2.1318348051021303
utc_hour,23,validation,336,8.035714285714286,13.392857142857142,78.57142857142857,0.6662496459257872,5.263313190444716,-5.929562836370508
session,asia_00_07,validation,2464,11.891233766233766,10.83603896103896,77.27272727272727,2.468148114197998,1.5491250669805883,-4.017273181178595
session,london_08_15,validation,2801,25.8836129953588,27.918600499821494,46.19778650481971,-2.00932640580076,-1.3840760151495175,3.393402420950281
session,new_york_13_20,validation,2769,25.568797399783314,29.433008306247743,44.99819429396894,-2.5078187215255454,-0.7066564982215304,3.2144752197470723
session,london_new_york_overlap_13_15,validation,1044,27.77777777777778,32.37547892720306,39.84674329501916,-2.421290413666526,1.3504895159366512,1.0708008977298746
session,unassigned,validation,1001,13.186813186813186,17.68231768231768,69.13086913086913,-1.78897906670794,0.835926837247257,0.9530522294606811
